<beans xmlns="http://www.springframework.org/schema/beans"
	   xmlns:jdbc="http://www.springframework.org/schema/jdbc"
	   xmlns:xsi="http://www.w3.org/2001/XMLSchema-instance"
	   xmlns:tx="http://www.springframework.org/schema/tx"
	   xsi:schemaLocation="http://www.springframework.org/schema/beans
		http://www.springframework.org/schema/beans/spring-beans.xsd
		http://www.springframework.org/schema/jdbc
		http://www.springframework.org/schema/jdbc/spring-jdbc.xsd
                http://www.springframework.org/schema/tx
                http://www.springframework.org/schema/tx/spring-tx.xsd" >
	<!-- dataSource configuration -->
	<bean id="dataSource" destroy-method="close" class="com.mchange.v2.c3p0.ComboPooledDataSource">
		<property name="driverClass" value="com.microsoft.sqlserver.jdbc.SQLServerDriver"/>
		<property name="jdbcUrl" value="jdbc:sqlserver://smd-gug-sql1:1433;databaseName=JobMonitoring_ETL"/>
		<property name="user" value="devuser"/>
		<property name="password" value="devuser1234"/>
		<property name="acquireIncrement" value="1" />
		<property name="acquireRetryAttempts" value="3"/>
		<property name="acquireRetryDelay" value="300" />
		<property name="initialPoolSize" value="3" />
		<property name="maxPoolSize" value="100" />
		<property name="minPoolSize" value="10" />
	</bean>


	<!-- sourceDataSource configuration -->
	<bean id="sourceDataSource" destroy-method="close" class="com.mchange.v2.c3p0.ComboPooledDataSource">
		<property name="driverClass" value="com.microsoft.sqlserver.jdbc.SQLServerDriver"/>
		<property name="jdbcUrl" value="jdbc:sqlserver://smd-HYD-sql1:1433;databaseName=Analytics_v830_interfaces"/>
		<property name="user" value="devuser"/>
		<property name="password" value="Spectramd1234"/>
		<property name="acquireIncrement" value="1" />
		<property name="acquireRetryAttempts" value="3"/>
		<property name="acquireRetryDelay" value="300" />
		<property name="initialPoolSize" value="3" />
		<property name="maxPoolSize" value="100" />
		<property name="minPoolSize" value="10" />
	</bean>

	<bean id="transactionManager"
		  class="org.springframework.jdbc.datasource.DataSourceTransactionManager">
		<property name="dataSource" ref="dataSource"></property>
	</bean>

</beans>