<?xml version="1.0" encoding="UTF-8" standalone="no"?>
<catalog xmlns="urn:oasis:names:tc:entity:xmlns:xml:catalog" prefer="system">
    <system systemId="http://www.springframework.org/schema/beans/spring-beans.xsd" uri="www.springframework.org/schema/beans/spring-beans.xsd"/>
    <system systemId="http://camel.apache.org/schema/spring/camel-spring.xsd" uri="camel.apache.org/schema/spring/camel-spring.xsd"/>
    <system systemId="http://www.springframework.org/schema/batch/spring-batch.xsd" uri="www.springframework.org/schema/batch/spring-batch.xsd"/>
    <system systemId="http://www.springframework.org/schema/jdbc/spring-jdbc.xsd" uri="www.springframework.org/schema/jdbc/spring-jdbc.xsd"/>
    <system systemId="http://www.springframework.org/schema/tx/spring-tx.xsd" uri="www.springframework.org/schema/tx/spring-tx.xsd"/>
    <system systemId="http://www.springframework.org/schema/batch/spring-batch-2.2.xsd" uri="www.springframework.org/schema/batch/spring-batch-2.2.xsd"/>
    <system systemId="http://www.springframework.org/schema/util/spring-util.xsd" uri="www.springframework.org/schema/util/spring-util.xsd"/>
    <system systemId="http://www.springframework.org/schema/beans/spring-beans-4.3.xsd" uri="www.springframework.org/schema/beans/spring-beans-4.3.xsd"/>
    <system systemId="http://www.springframework.org/schema/tool/spring-tool-4.3.xsd" uri="www.springframework.org/schema/tool/spring-tool-4.3.xsd"/>
    <system systemId="http://www.springframework.org/schema/context" uri="www.springframework.org/schema/context/index"/>
    <system systemId="http://www.springframework.org/schema/context/spring-context-3.0.xsd" uri="www.springframework.org/schema/context/spring-context-3.0.xsd"/>
    <system systemId="http://www.springframework.org/schema/beans/spring-beans-3.0.xsd" uri="www.springframework.org/schema/beans/spring-beans-3.0.xsd"/>
    <system systemId="http://www.springframework.org/schema/tool/spring-tool-3.0.xsd" uri="www.springframework.org/schema/tool/spring-tool-3.0.xsd"/>
</catalog>