<?xml version="1.0" encoding="UTF-8"?>
<beans xmlns="http://www.springframework.org/schema/beans"
	   xmlns:batch="http://www.springframework.org/schema/batch"
	   xmlns:util="http://www.springframework.org/schema/util"
	   xmlns:xsi="http://www.w3.org/2001/XMLSchema-instance"
	   xsi:schemaLocation="http://www.springframework.org/schema/batch
	http://www.springframework.org/schema/batch/spring-batch-2.2.xsd
	http://www.springframework.org/schema/beans
	http://www.springframework.org/schema/beans/spring-beans.xsd
	http://www.springframework.org/schema/util
	http://www.springframework.org/schema/util/spring-util.xsd">

	<bean id="executionListener" class="com.spectramd.focus.products.dataintegration.step.listeners.FocusJobExecutionListener">
		<property name="sourceType" value="FocusOlapJSONGenerator"/>
	</bean>

	<bean id="focusStepSkipListener" class="com.spectramd.focus.products.dataintegration.step.listeners.FocusStepSkipListener" scope="step"/>

	<bean id="jobRepository" class="org.springframework.batch.core.repository.support.JobRepositoryFactoryBean">
		<property name="dataSource" ref="dataSource"/>
		<property name="transactionManager" ref="transactionManager"/>
		<property name="databaseType" value="sqlserver"/>
	</bean>

	<bean id="jobLauncher" class="org.springframework.batch.core.launch.support.SimpleJobLauncher">
		<property name="jobRepository" ref="jobRepository" />
	</bean>
</beans>
