<?xml version="1.0" encoding="UTF-8"?>
<beans xmlns="http://www.springframework.org/schema/beans"
	   xmlns:batch="http://www.springframework.org/schema/batch"
	   xmlns:xsi="http://www.w3.org/2001/XMLSchema-instance"
	   xmlns:context="http://www.springframework.org/schema/context"
	   xsi:schemaLocation="http://www.springframework.org/schema/batch
	                       http://www.springframework.org/schema/batch/spring-batch.xsd
						   http://www.springframework.org/schema/beans
						   http://www.springframework.org/schema/beans/spring-beans-3.0.xsd
					   	   http://www.springframework.org/schema/context
						   http://www.springframework.org/schema/context/spring-context-3.0.xsd">

	<bean id="CareGapReader"
		  class="org.springframework.batch.item.database.JdbcCursorItemReader" scope="step">
		<property name="dataSource" ref="sourceDataSource" />
		<property name="sql" value="Select commpid.ValueDetails AS CommunityId, gsipid.ValueDetails AS GSIPatientId, patient.RecordId AS PatientId,
			oi.ValueDetails AS FacilityKey, mgi.IdentifierValueDetails AS ProgramCode, 'N/A' AS MeasureCode, cg.IdentifierValueDetails AS CareGap,
			cgf.GapResult AS Status, cgf.SysLastUpdateddatetime AS CalculationDate
			from OlapMart.CareGap cg
			JOIN OlapMart.CareGapFact cgf ON cgf.CareGapRecordKey = cg.RecordKey
			JOIN Administration.Patient patient ON patient.RecordId = cgf.PatientDimensionRecordKey
			JOIN Administration.Organization org ON patient.OrganizationRecordId = org.RecordId
			JOIN Administration.OrganizationIdentifier oi ON oi.RecordId = org.PartofOrganizationRecordId
			JOIN OlapMart.MeasureGroupIdentifier mgi on mgi.RecordKey = cgf.MeasureGroupIdentifierRecordKey
			JOIN Administration.PatientIdentifier commpid ON patient.RecordId = commpid.PatientRecordId AND commpid.IdentifieruseCode = 'CommunityID'
			JOIN Administration.PatientIdentifier gsipid ON patient.RecordId = gsipid.PatientRecordId AND gsipid.IdentifieruseCode = 'GSIPatientID'
			WHERE cg.SysLastUpdateddatetime = '#{jobParameters['CalculationDate']}'" />
		<property name="rowMapper">
			<bean class="com.spectramd.focus.products.dataintegration.setters.OrderedInsensitiveMapRowMapper"/>
		</property>
	</bean>

	<bean id="RiskScoreReader"
		  class="org.springframework.batch.item.database.JdbcCursorItemReader" scope="step">
		<property name="dataSource" ref="sourceDataSource" />
		<property name="sql" value="Select commpid.ValueDetails AS CommunityId, gsipid.ValueDetails AS GSIPatientId, patient.RecordId AS PatientId, ra.Code As RiskScoreCode,
		ra.CodesystemName AS RiskScoreDescription, rap.probabilityDecimial AS Score, 'N/A' AS ReasonCode, rap.SysLastUpdateddatetime AS CalculationDate
		from Clinical.RiskAssessment ra
		JOIN Clinical.RiskAssessmentPrediction rap ON rap.RiskAssessmentRecordId = ra.RecordId
		JOIN Administration.Patient patient ON patient.RecordId = rap.PatientRecordId
		JOIN Administration.PatientIdentifier commpid ON patient.RecordId = commpid.PatientRecordId AND commpid.IdentifieruseCode = 'CommunityID'
		JOIN Administration.PatientIdentifier gsipid ON patient.RecordId = gsipid.PatientRecordId AND gsipid.IdentifieruseCode = 'GSIPatientID'
		WHERE ra.SysLastUpdateddatetime = '#{jobParameters['CalculationDate']}'" />
		<property name="rowMapper">
			<bean class="com.spectramd.focus.products.dataintegration.setters.OrderedInsensitiveMapRowMapper"/>
		</property>
	</bean>

	<bean id="careGapDataProcessor" class="com.spectramd.focus.jsongenerator.processor.CareGapDataProcessor"/>
	<bean id="RiskScoreDataProcessor" class="com.spectramd.focus.jsongenerator.processor.RiskScoreDataProcessor"/>

	<bean id="CareGapWriter" class="com.spectramd.focus.jsongenerator.writer.CareGapsJSONWriter" scope="step">
		<property name="outputFolder" value="#{jobParameters['outputFolder']}" />
	</bean>
	<bean id="RiskScoreWriter" class="com.spectramd.focus.jsongenerator.writer.RiskScoreJSONWriter" scope="step">
		<property name="outputFolder" value="#{jobParameters['outputFolder']}" />
	</bean>
</beans>
