<?xml version="1.0" encoding="UTF-8"?>
<beans xmlns="http://www.springframework.org/schema/beans"
	   xmlns:batch="http://www.springframework.org/schema/batch"
	   xmlns:xsi="http://www.w3.org/2001/XMLSchema-instance"
	   xmlns:context="http://www.springframework.org/schema/context"
	   xsi:schemaLocation="http://www.springframework.org/schema/batch
	                       http://www.springframework.org/schema/batch/spring-batch.xsd
						   http://www.springframework.org/schema/beans
						   http://www.springframework.org/schema/beans/spring-beans-3.0.xsd
					   	   http://www.springframework.org/schema/context
						   http://www.springframework.org/schema/context/spring-context-3.0.xsd">

	<bean id="CareGapReader"
		  class="org.springframework.batch.item.database.JdbcCursorItemReader" scope="step">
		<property name="dataSource" ref="sourceDataSource" />
		<property name="sql" value="SELECT DISTINCT cg.[CommunityId], cg.[GSIPatientId], cg.[PatientId], cg.[Facility Key],
									cg.[ProgramCode], cg.[MeasureCode], cg.[CareGap], cg.[Status], cg.[CalculationDate],
									osd.StatusCode, ppc.MeasureDisplayName, ppc.EvalPeriodStartDatetime, ppc.EvalPeriodEndDatetime
									FROM FocusOlap.CareGaps cg
									JOIN [FocusRef].[ObjectStatusDefinition] osd ON osd.Id = cg.Status
									JOIN [FocusRef].[PayorProgramCoverage] ppc ON ppc.PayorP4PProgramCode = cg.ProgramCode AND ppc.MeasureCode = cg.[MeasureCode]
									WHERE cg.CalculationDate = '#{jobParameters['CalculationDate']}'" />
		<property name="rowMapper">
			<bean class="com.spectramd.focus.products.dataintegration.setters.OrderedInsensitiveMapRowMapper"/>
		</property>
	</bean>

	<bean id="careGapDataProcessor" class="com.spectramd.focus.jsongenerator.processor.CareGapDataProcessor"/>

	<bean id="CareGapWriter" class="com.spectramd.focus.jsongenerator.writer.CareGapsJSONWriter" scope="step">
		<property name="outputFolder" value="#{jobParameters['outputFolder']}" />
	</bean>
</beans>
