<?xml version="1.0" encoding="UTF-8"?>

<beans xmlns="http://www.springframework.org/schema/beans"
	   xmlns:xsi="http://www.w3.org/2001/XMLSchema-instance"
	   xmlns:camel="http://camel.apache.org/schema/spring"
	   xmlns:batch="http://www.springframework.org/schema/batch"
	   xsi:schemaLocation="
          http://www.springframework.org/schema/beans http://www.springframework.org/schema/beans/spring-beans.xsd
          http://camel.apache.org/schema/spring http://camel.apache.org/schema/spring/camel-spring.xsd
          http://www.springframework.org/schema/batch http://www.springframework.org/schema/batch/spring-batch.xsd">

	<import resource="../../jobs/Reader-Writer.xml"/>
	<import resource="../../jobs/common.xml"/>
	<import resource="../../database.xml"/>
	
	<batch:job id="riskscore" xmlns="http://www.springframework.org/schema/batch">
		<step id="patientCsvExported">
			<tasklet >
				<chunk reader="patientFileItemReader"
					   writer="patientFileItemWriter" commit-interval="1000"/>
			</tasklet>
			<listeners>
				<listener ref="focusStepSkipListener"/>
			</listeners>
		</step>
		<!--        <step id="transferPatientData" next="transferPatientAddressData">
			<tasklet>
				<chunk reader="CDRPatientPersonReader" writer="FHIRPersonWriter" commit-interval="500"/>
			</tasklet>
			<listeners>
				<listener ref="focusStepSkipListener"/>
			</listeners>
		</step>-->
	</batch:job>

	<bean id="jobRepository"
			  class="org.springframework.batch.core.repository.support.JobRepositoryFactoryBean">
		<property name="dataSource" ref="dataSource"/>
		<property name="transactionManager" ref="transactionManager"/>
		<property name="databaseType" value="sqlserver"/>
	</bean>
	<!-- class="org.springframework.batch.core.launch.JobLaucher" > -->
	<bean id="jobLauncher" class="org.springframework.batch.core.launch.support.SimpleJobLauncher">
		<property name="jobRepository" ref="jobRepository" />
	</bean>
</beans>

