<?xml version="1.0" encoding="UTF-8"?>

<beans xmlns="http://www.springframework.org/schema/beans"
	   xmlns:xsi="http://www.w3.org/2001/XMLSchema-instance"
	   xmlns:camel="http://camel.apache.org/schema/spring"
	   xmlns:batch="http://www.springframework.org/schema/batch"
	   xsi:schemaLocation="
          http://www.springframework.org/schema/beans http://www.springframework.org/schema/beans/spring-beans.xsd
          http://camel.apache.org/schema/spring http://camel.apache.org/schema/spring/camel-spring.xsd
          http://www.springframework.org/schema/batch http://www.springframework.org/schema/batch/spring-batch.xsd">

	<import resource="../jobs/Reader-Writer.xml"/>
	<import resource="../jobs/common.xml"/>

	<batch:job id="RiskScore" xmlns="http://www.springframework.org/schema/batch">
		<step id="patientCsvExported">
			<tasklet >
				<chunk reader="RiskScoreReader" processor="RiskScoreDataProcessor"
					   writer="RiskScoreWriter" commit-interval="100"/>
			</tasklet>
		</step>
	</batch:job>
</beans>

