<?xml version="1.0" encoding="UTF-8"?>
<project-private xmlns="http://www.netbeans.org/ns/project-private/1">
    <editor-bookmarks xmlns="http://www.netbeans.org/ns/editor-bookmarks/1"/>
    <editor-bookmarks xmlns="http://www.netbeans.org/ns/editor-bookmarks/2" lastBookmarkId="0"/>
    <open-files xmlns="http://www.netbeans.org/ns/projectui-open-files/2">
        <group name="ETL_v640">
            <file>file:/C:/SpectraMD/Focus/code/v640_dsriprelease2_qrda1/source/commonpackages/focus_commons/src/com/spectramd/products/focus/measure/logic/core/DBRepeatingBatchGroupByKeyInputProcessor.java</file>
            <file>file:/C:/SpectraMD/Focus/code/v640_dsriprelease2_qrda1/source/commonpackages/focus_commons/src/com/spectramd/products/focus/measure/logic/core/DBRepeatingBatchInputProcessor.java</file>
            <file>file:/C:/SpectraMD/Focus/code/v640_dsriprelease2_qrda1/source/commonpackages/focus_commons/src/com/spectramd/products/focus/measure/logic/core/utils/FocusContextFunctions.java</file>
        </group>
        <group name="ETL_v650">
            <file>file:/C:/SpectraMD/Focus/code/v650_sippsetl/source/commonpackages/focus_commons/src/com/spectramd/focus/products/measures/EMeasureJobConstants.java</file>
        </group>
        <group name="Portal_v662">
            <file>file:/C:/SpectraMD/Focus/code/v662_qemetl_ecqmportal/source/commonpackages/focus_commons/src/com/spectramd/products/focus/measure/logic/core/DBInputProcessor.java</file>
        </group>
        <group name="Interfaces_v730">
            <file>file:/C:/SpectraMD/Focus/code/integrated/v730/source/commonpackages/focus_commons/src/com/spectramd/products/focus/assessment/report/utility/DataExporter.java</file>
            <file>file:/C:/SpectraMD/Focus/code/integrated/v730/source/commonpackages/focus_commons/src/com/spectramd/products/focus/common/utils/FTPUtils.java</file>
            <file>file:/C:/SpectraMD/Focus/code/integrated/v730/source/commonpackages/focus_commons/src/com/spectramd/products/focus/common/utils/SFTPUtils.java</file>
            <file>file:/C:/SpectraMD/Focus/code/integrated/v730/source/commonpackages/focus_commons/src/com/spectramd/products/focus/common/utils/CompressUtils.java</file>
            <file>file:/C:/SpectraMD/Focus/code/integrated/v730/source/commonpackages/focus_commons/src/com/spectramd/products/focus/measure/logic/core/utils/ElasticSearchQueryBuilder.java</file>
            <file>file:/C:/SpectraMD/Focus/code/integrated/v730/source/commonpackages/focus_commons/src/com/spectramd/products/focus/measure/logic/core/utils/FieldValueEvaluator.java</file>
        </group>
        <group name="Deepak"/>
    </open-files>
</project-private>
