{
  "resourceType" : "Bundle",
  "id" : "5e9aa05d-aaf8-46ee-b95f-991e432e725a",
  "meta" : {
    "lastUpdated" : "2018-12-20T15:32:47.047+05:30"
  },
  "type" : "collection",
  "total" : 1,
  "entry" : [ {
    "resource" : {
      "resourceType" : "CarePlan",
      "id" : "c2c1ebb0-0032-4501-b58b-2178d1fdf503",
      "status" : "4",
      "type" : "individual",
      "subject" : {
        "reference" : "Patient/GSI_AB06778X"
      },
      "intent" : "proposal",
      "period" : {
        "start" : "N/A",
        "end" : "N/A"
      },
      "activity" : [ {
        "detail" : {
          "category" : "DSRIP_2015",
          "code" : {
            "coding" : {
              "code" : "N/A",
              "display" : "N/A"
            }
          },
          "status" : "4"
        }
      } ],
      "note" : [ {
        "text" : "CommunityId/AB06778X"
      } ]
    }
  } ]
}