<?xml version="1.0" encoding="UTF-8"?>
<project-private xmlns="http://www.netbeans.org/ns/project-private/1">
    <editor-bookmarks xmlns="http://www.netbeans.org/ns/editor-bookmarks/2" lastBookmarkId="0"/>
    <open-files xmlns="http://www.netbeans.org/ns/projectui-open-files/2">
        <group name="CareGap">
            <file>file:/C:/Development/Focus/v780_automation/Interfaces/FocusOlapJSONGenerator/src/com/spectramd/focus/jsongenerator/processor/CareGapDataProcessor.java</file>
            <file>file:/C:/Development/Focus/v780_automation/Interfaces/FocusOlapJSONGenerator/output/output1542610467910.json</file>
        </group>
        <group name="FocusOlap">
            <file>file:/C:/Development/Focus/v780_automation/Interfaces/FocusOlapJSONGenerator/src/com/spectramd/focus/jsongenerator/processor/CareGapDataProcessor.java</file>
            <file>file:/C:/Development/Focus/v780_automation/Interfaces/FocusOlapJSONGenerator/output/CareGap-1545300167776.json</file>
            <file>file:/C:/Development/Focus/v780_automation/Interfaces/FocusOlapJSONGenerator/src/com/spectramd/focus/jsongenerator/writer/CareGapsJSONWriter.java</file>
        </group>
    </open-files>
</project-private>
