<?xml version="1.0" encoding="UTF-8"?>
<!DOCTYPE log4j:configuration SYSTEM "log4j.dtd">
 
<log4j:configuration xmlns:log4j="http://jakarta.apache.org/log4j/" debug="false">
 
    <appender name="consoleAppender" class="org.apache.log4j.ConsoleAppender">
        <layout class="org.apache.log4j.PatternLayout">
            <param name="ConversionPattern" value="%d{dd MMM yyy HH:mm:ss}\t%-6p\t%m%n" />
        </layout>
    </appender>
 
    <appender name="focusFileAppender" class="org.apache.log4j.RollingFileAppender">
        <param name="Threshold" value="DEBUG" />
        <param name="File" value="D://ProductENV//logs//focus_v312_measurejobs.log"/>
        <param name="MaxFileSize" value="10MB"/>
        <param name="MaxBackupIndex" value="50"/>
        <layout class="org.apache.log4j.PatternLayout">
            <param name="ConversionPattern" value="%d{dd MMM yyy HH:mm:ss}\t%-6p\t%m%n" />
        </layout>
    </appender>
 
    <logger name="focusexcel" additivity="false" >   
        <level value="ALL" />
        <appender-ref ref="consoleAppender"/> 
        <appender-ref ref="focusFileAppender"/>      
    </logger>
   
    <logger name="focusexcel_logger" additivity="false" >   
        <level value="ALL" />
        <appender-ref ref="consoleAppender"/> 
        <appender-ref ref="focusFileAppender"/>      
    </logger>
   
    <logger name="focuslogger" additivity="false" >   
        <level value="ALL" />
        <appender-ref ref="consoleAppender"/> 
        <appender-ref ref="focusFileAppender"/>      
    </logger>
 
</log4j:configuration> 
