<?xml version="1.0" encoding="UTF-8"?>
<beans xmlns="http://www.springframework.org/schema/beans"
       xmlns:xsi="http://www.w3.org/2001/XMLSchema-instance"
       xmlns:context="http://www.springframework.org/schema/context"
       xmlns:mvc="http://www.springframework.org/schema/mvc"
       xsi:schemaLocation="
       http://www.springframework.org/schema/beans
	   http://www.springframework.org/schema/beans/spring-beans-2.5.xsd
       http://www.springframework.org/schema/context
       http://www.springframework.org/schema/context/spring-context-2.5.xsd
       http://www.springframework.org/schema/mvc
	   http://www.springframework.org/schema/mvc/spring-mvc-3.0.xsd
       http://camel.apache.org/schema/spring
       http://camel.apache.org/schema/spring/camel-spring-2.14.0.xsd">

    <import resource="file:.\config\database.xml" />
    <context:property-placeholder location="file:.//config//placeholder.properties" /> 
    <bean id="fileDAO" class="com.spectramd.FileDAO">
        <property name="fileDetails" ref="fileDetails" />
        <property name="dataSource" ref="dataSource" />
        <property name="maxJobInstanceIDQuery" value="SELECT max([JOB_INSTANCE_ID]) FROM [JobMonitoring_ETL_copy].[dbo].[BATCH_JOB_INSTANCE]" />
        <property name="jobInstanceQuery" value="INSERT INTO [dbo].[BATCH_JOB_INSTANCE]
           ([JOB_INSTANCE_ID],[VERSION],[JOB_NAME],[JOB_KEY])
            VALUES (?,?,?,?)"/>
        
        <property name="maxJobExecutionIDQuery" value="SELECT max([JOB_EXECUTION_ID]) FROM [JobMonitoring_ETL_copy].[dbo].[BATCH_JOB_EXECUTION]" /> 
         
        <property name="jobExecutionQuery" value="INSERT INTO [JobMonitoring_ETL_copy].[dbo].[BATCH_JOB_EXECUTION]
           ([JOB_EXECUTION_ID],[VERSION],[JOB_INSTANCE_ID],[CREATE_TIME],[START_TIME],[STATUS]) VALUES (?,?,?,CURRENT_TIMESTAMP,CURRENT_TIMESTAMP,?)"/>
         
        <property name="jobExecutionContextQuery" value="INSERT INTO [JobMonitoring_ETL_copy].[dbo].[BATCH_JOB_EXECUTION_CONTEXT]
           (JOB_EXECUTION_ID,SHORT_CONTEXT,SERIALIZED_CONTEXT) VALUES (?,?,NULL)" />
        
        <property name="jobExecutionParamQuery" value="INSERT INTO [JobMonitoring_ETL_copy].[dbo].[BATCH_JOB_EXECUTION_PARAMS]([JOB_EXECUTION_ID]
           ,[TYPE_CD],[KEY_NAME],[STRING_VAL],[LONG_VAL],[DOUBLE_VAL],[IDENTIFYING]) VALUES (?,?,?,?,?,?,?)"/>
        
        <property name="statusUpdateQuery" value="UPDATE [JobMonitoring_ETL_copy].[dbo].[BATCH_JOB_EXECUTION]
             SET [STATUS] = ? WHERE [JOB_EXECUTION_ID]=?"/>
        
        <property name="jobEndTimeQuery" value="UPDATE [JobMonitoring_ETL_copy].[dbo].[BATCH_JOB_EXECUTION]
             SET [END_TIME] = CURRENT_TIMESTAMP,[LAST_UPDATED]=CURRENT_TIMESTAMP WHERE [JOB_EXECUTION_ID]=?"/>
   
        <property name="exitCodeQuery" value="UPDATE [JobMonitoring_ETL_copy].[dbo].[BATCH_JOB_EXECUTION]
             SET [EXIT_CODE] = ? WHERE [JOB_EXECUTION_ID]=?"/>
   
        <property name="exitMessageQuery" value="UPDATE [JobMonitoring_ETL_copy].[dbo].[BATCH_JOB_EXECUTION]
             SET [EXIT_MESSAGE] = ? WHERE [JOB_EXECUTION_ID]=?"/>
         <property name="getFnameAndExecutionIDQuery" value="SELECT distinct PAR.JOB_EXECUTION_ID, PAR.KEY_NAME, par.STRING_VAL 
             FROM [JobMonitoring_ETL_copy].[dbo].[BATCH_JOB_EXECUTION_PARAMS] PAR
             JOIN [JobMonitoring_ETL_copy].[dbo].[BATCH_JOB_EXECUTION] BJE
             ON BJE.JOB_EXECUTION_ID = PAR.JOB_EXECUTION_ID
             WHERE PAR.KEY_NAME = 'FileName'
             AND BJE.STATUS = 'PROGRESS'" />
           
    </bean>
    <bean id="routeProcessor" class="com.spectramd.RouteProcessor">
        <property name="fileDAO" ref="fileDAO" />
    </bean>
    <bean id="fileDetails" class="com.spectramd.FileDetails" />
    <bean id="fileDetailsRouteProcessor" class="com.spectramd.FileDetailsRouteProcessor">
        <property name="srcPath" value="${start.endpoint}" />     
        <property name="destPath" value="${end.endpoint}" />
        <property name="fileDAO" ref="fileDAO" />
        <property name="fileDetails" ref="fileDetails" />
    </bean>

    <bean id="exceptionHandler" class="com.spectramd.ExceptionHandler" >
        <constructor-arg ref="fileDAO" />  
    </bean>
    <bean id="SuccessfulFileTransfer" class="com.spectramd.SuccessfulFileTransfer" >
    <property name="fileDAO" ref="fileDAO" />    
    </bean>
    <camelContext trace="true"  id = "camelcontext" xmlns="http://camel.apache.org/schema/spring">
        <propertyPlaceholder id="properties" location="file:.//config//placeholder.properties"/>    
        <route  id="route1"  autoStartup="false" >
            <from uri="{{start.endpoint}}"/>  
            <process ref="fileDetailsRouteProcessor"/> 
            <to uri="file:trash"/>    
        </route>                     
        <route id="route2" autoStartup="false" >
            <from uri="{{start.endpoint}}"/>  
            <process ref="routeProcessor"/> 
            <to uri="{{end.endpoint}}"/>
            <onException>
                <exception>java.lang.Exception</exception>
                <process ref="exceptionHandler" />
            </onException>
            <bean ref="SuccessfulFileTransfer" method="updateStatus()"/>
        </route> 
    </camelContext>
</beans>
