<?xml version="1.0" encoding="UTF-8"?>
<project-private xmlns="http://www.netbeans.org/ns/project-private/1">
    <editor-bookmarks xmlns="http://www.netbeans.org/ns/editor-bookmarks/1"/>
    <editor-bookmarks xmlns="http://www.netbeans.org/ns/editor-bookmarks/2" lastBookmarkId="0"/>
    <open-files xmlns="http://www.netbeans.org/ns/projectui-open-files/2">
        <group name="ETL_v655"/>
        <group name="Portal_v662">
            <file>file:/C:/SpectraMD/Focus/code/v662_qemetl_ecqmportal/source/commonpackages/focus_core/src/com/spectramd/products/focus/utils/DBUtil.java</file>
            <file>file:/C:/SpectraMD/Focus/code/v662_qemetl_ecqmportal/source/commonpackages/focus_core/src/com/spectramd/products/focus/common/FocusResource.java</file>
        </group>
        <group name="Interfaces_v730">
            <file>file:/C:/SpectraMD/Focus/code/integrated/v730/source/commonpackages/focus_core/src/com/spectramd/products/focus/common/utils/IOUtil.java</file>
        </group>
        <group name="Deepak"/>
    </open-files>
</project-private>
