{  
   "resourceType":"Bundle",
   "id":"829cd0e0-8d24-4f25-92e1-724e6bd811e0",
   "meta":{  
      "lastUpdated":"2018-09-27T03:32:43.284+00:00"
   },
   "type":"collection",
   "total":2,
   "entry":[  
      {  
         "resource":{  
            "resourceType":"CarePlan",
            "id":"829cd0e0-8d24-4f25-92e1-724e6bd811e0",
            "status":"active",
            "type":"individual",
            "subject":{  
               "reference":"Patient/GSIH123456"
            },
            "intent":"proposal",
            "period":{  
               "start":"2015-07-01 00:00:00.000",
               "end":"2016-06-30 23:59:59.998"
            },
            "activity":[  
               {  
                  "detail":{  
                     "category":"caregap",
                     "code":{  
                        "coding":[  
                           {  
                              "code":"AAP_1a_2018",
                              "display":"Adult Access to Primary and Preventive or Ambulatory Care - 20 to 44 yr. "
                           }
                        ]
                     },
                     "status":"active"
                  }
               },
               {  
                  "detail":{  
                     "category":"caregap",
                     "code":{  
                        "coding":[  
                           {  
                              "code":"PPV_1_2018",
                              "display":"Potentially Preventable Visits"
                           }
                        ]
                     },
                     "status":"completed"
                  }
               }
            ],
            "note":[  
               {  
                  "text":"CommunityId/COMMUNITYID1"
               }
            ]
         }
      },
      {  
         "resource":{  
            "resourceType":"CarePlan",
            "id":"829cd0e0-8d24-4f25-92e1-724e6bd811q0",
            "status":"active",
            "type":"individual",
            "subject":{  
               "reference":"Patient/GSIH123457"
            },
            "intent":"proposal",
            "period":{  
               "start":"2015-07-01 00:00:00.000",
               "end":"2016-06-30 23:59:59.998"
            },
            "activity":[  
               {  
                  "detail":{  
                     "category":"caregap",
                     "code":{  
                        "coding":[  
                           {  
                              "code":"AAP_1a_2018",
                              "display":"Adult Access to Primary and Preventive or Ambulatory Care - 20 to 44 yr. "
                           }
                        ]
                     },
                     "status":"active"
                  }
               },
               {  
                  "detail":{  
                     "category":"caregap",
                     "code":{  
                        "coding":[  
                           {  
                              "code":"PPV_1_2018",
                              "display":"Potentially Preventable Visits"
                           }
                        ]
                     },
                     "status":"completed"
                  }
               }
            ],
            "note":[  
               {  
                  "text":"CommunityId/COMMUNITYID2"
               }
            ]
         }
      }
   ]
}