{  
   "resourceType":"Bundle",
   "id":"829cd0e0-8d24-4f25-92e1-724e6bd811e0",
   "meta":{  
      "lastUpdated":"2018-09-27T03:32:43.284+00:00"
   },
   "type":"collection",
   "total":3,
   "entry":[  
      {  
         "resourceType":"RiskAssessment",
         "id":"829cd0e0-8d24-4f25-92e1-724e6bd811e0",
         "status":"final",
         "subject":{  
            "reference":"Patient/GSIH1"
         },
         "occurrenceDateTime":"2017-10-10 00:00:00.000",
         "prediction":[  
            {  
               "outcome":{  
                  "coding":[  
                     {  
                        "code":"HCC"
                     }
                  ],
                  "text":"Member HCC score based on CMS HCC V22 risk adjustment model"
               },
               "probabilityDecimal":0.83
            },
            {  
               "outcome":{  
                  "coding":[  
                     {  
                        "code":"CCI"
                     }
                  ],
                  "text":"Member Charlsons Comorbidity Index calculated using diagnosis history"
               },
               "probabilityDecimal":0.23
            },
            {  
               "outcome":{  
                  "coding":[  
                     {  
                        "code":"LACE"
                     }
                  ],
                  "text":"Member LACE score (readmission risk) based on last inpatient visit"
               },
               "probabilityDecimal":12
            }
         ],
         "comment":"CommunityId/COMMUNITYID1"
      },
      {  
         "resourceType":"RiskAssessment",
         "id":"829cd0e0-8d24-4f25-92e1-724e6bd811e0",
         "status":"final",
         "subject":{  
            "reference":"Patient/GSIH2"
         },
         "occurrenceDateTime":"2017-10-10 00:00:00.000",
         "prediction":[  
            {  
               "outcome":{  
                  "coding":[  
                     {  
                        "code":"HCC"
                     }
                  ],
                  "text":"Member HCC score based on CMS HCC V22 risk adjustment model"
               },
               "probabilityDecimal":0.83
            },
            {  
               "outcome":{  
                  "coding":[  
                     {  
                        "code":"CCI"
                     }
                  ],
                  "text":"Member Charlsons Comorbidity Index calculated using diagnosis history"
               },
               "probabilityDecimal":0.23
            },
            {  
               "outcome":{  
                  "coding":[  
                     {  
                        "code":"LACE"
                     }
                  ],
                  "text":"Member LACE score (readmission risk) based on last inpatient visit"
               },
               "probabilityDecimal":12
            }
         ],
         "comment":"CommunityId/COMMUNITYID2"
      },
      {  
         "resourceType":"RiskAssessment",
         "id":"829cd0e0-8d24-4f25-92e1-724e6bd811e0",
         "status":"final",
         "subject":{  
            "reference":"Patient/GSIH3"
         },
         "occurrenceDateTime":"2017-10-10 00:00:00.000",
         "prediction":[  
            {  
               "outcome":{  
                  "coding":[  
                     {  
                        "code":"HCC"
                     }
                  ],
                  "text":"Member HCC score based on CMS HCC V22 risk adjustment model"
               },
               "probabilityDecimal":0.83
            },
            {  
               "outcome":{  
                  "coding":[  
                     {  
                        "code":"CCI"
                     }
                  ],
                  "text":"Member Charlsons Comorbidity Index calculated using diagnosis history"
               },
               "probabilityDecimal":0.23
            },
            {  
               "outcome":{  
                  "coding":[  
                     {  
                        "code":"LACE"
                     }
                  ],
                  "text":"Member LACE score (readmission risk) based on last inpatient visit"
               },
               "probabilityDecimal":12
            }
         ],
         "comment":"CommunityId/COMMUNITYID3"
      }
   ]
}